Query Name,Top Hit,E-Value,Bit Score,Sequence Count,Total As,Total Ts,Total Cs,Total Gs,Total Ns  
A1b_forward, Moraxellaceae_Psychrobacter, 0, 1155.7, 900, 243, 190, 186, 281, 0
A1b_reverse, Moraxellaceae_Psychrobacter, 0, 1763.3, 1462, 373, 319, 335, 435, 0
A1d_forward, Lysobacteraceae_Stenotrophomonas, 1.4e-252, 839.5, 1165, 293, 237, 282, 353, 0
A1d_reverse, Lysobacteraceae_Stenotrophomonas, 0, 1193.3, 1119, 243, 253, 334, 289, 0
A1d2_forward, Moraxellaceae_Psychrobacter, 0, 1141.7, 900, 242, 194, 184, 280, 0
A1d2_reverse, Moraxellaceae_Psychrobacter, 0, 1087.1, 960, 215, 246, 272, 227, 0
B1a_forward, Veillonellaceae_Veillonella, 3.2e-69, 231.7, 1049, 276, 190, 260, 323, 0
B1a_reverse, Streptococcaceae_Streptococcus, 1.9e-67, 226.1, 1223, 302, 301, 254, 366, 0
B1a1_forward, Veillonellaceae_Veillonella, 3.2e-69, 231.7, 1049, 276, 190, 260, 323, 0
B1a1_reverse, Shewanellaceae_Shewanella, 0, 1147.3, 1143, 250, 275, 352, 266, 0
B1b1_forward, Oceanospirillaceae_Marinomonas, 3.2e-171, 569.6, 1167, 249, 256, 374, 288, 0
B1b1_reverse, Oceanospirillaceae_Marinomonas, 1.7e-66, 222.5, 1175, 302, 260, 306, 307, 0
B1b2_1_forward, Oceanospirillaceae_Marinomonas, 0.0015, 10.8, 146, 48, 16, 39, 43, 0
B1b2_1_reverse, Moraxellaceae_Psychrobacter, 7e-216, 718.0, 1233, 296, 299, 303, 335, 0
B1b3_1_forward, Pseudomonadaceae_Pseudomonas, 9.2e-147, 487.9, 661, 117, 124, 255, 165, 0
B1g_forward, Pseudomonadaceae_Pseudomonas, 9.2e-143, 474.5, 589, 131, 115, 180, 163, 0
B1g_reverse, Pseudomonadaceae_Pseudomonas, 2e-269, 895.4, 1193, 255, 266, 415, 257, 0
B1g1_forward, Pseudomonadaceae_Pseudomonas, 9e-114, 378.1, 471, 94, 80, 171, 126, 0
B1g1_reverse, Pseudomonadaceae_Azomonas, 5.5e-129, 429.2, 734, 161, 135, 256, 182, 0
B1g2_forward, Shewanellaceae_Shewanella, 7.3e-24, 79.3, 274, 45, 38, 128, 63, 0
B1g2_reverse, Shewanellaceae_Shewanella, 4.6e-13, 43.5, 272, 50, 40, 113, 69, 0
B1g3_forward, Pseudomonadaceae_Pseudomonas, 1e-134, 447.6, 478, 105, 84, 147, 142, 0
B1g3_reverse, Pseudomonadaceae_Pseudomonas, 3e-263, 874.6, 1017, 219, 235, 318, 245, 0
B1h_forward, Shewanellaceae_Shewanella, 4.3e-203, 675.1, 934, 217, 176, 281, 260, 0
B1h_reverse, Shewanellaceae_Shewanella, 9e-304, 1009.2, 1213, 249, 273, 402, 289, 0
B1a2_forward, Shewanellaceae_Shewanella, 0, 1145.9, 1184, 293, 247, 283, 361, 0
B1a2_reverse, Shewanellaceae_Shewanella, 0, 1144.5, 1144, 252, 267, 332, 293, 0
B1i_forward, Pseudomonadaceae_Pseudomonas, 9.2e-276, 916.4, 1204, 291, 259, 310, 344, 0
B1i_reverse, Pseudomonadaceae_Pseudomonas, 0, 1256.5, 1105, 237, 269, 340, 259, 0
B123_forward, Yersiniaceae_Serratia, 3e-227, 754.8, 748, 173, 141, 208, 226, 0
B123_reverse, Enterobacteriaceae_Kluyvera, 6.9e-294, 976.2, 1052, 236, 245, 309, 262, 0
B2a_forward, Pseudomonadaceae_Pseudomonas, 0, 1182.1, 1123, 283, 233, 249, 358, 0
B2a_reverse, Pseudomonadaceae_Azomonas, 1.8e-273, 908.8, 1171, 268, 285, 328, 290, 0
B2b_forward, Shewanellaceae_Shewanella, 0, 1187.8, 1152, 275, 240, 271, 366, 0
B2b_reverse, Shewanellaceae_Shewanella, 0, 1149.6, 1163, 244, 290, 347, 282, 0
B2b1_forward, Pseudomonadaceae_Pseudomonas, 0, 1318.6, 1117, 289, 240, 240, 348, 0
B2b1_reverse, Pseudomonadaceae_Pseudomonas, 0, 1120.0, 1167, 251, 300, 340, 276, 0
B1b2_2_forward, Pseudomonadaceae_Pseudomonas, 0, 1120.0, 1167, 251, 300, 340, 276, 0
B1b2_2_reverse, Pseudomonadaceae_Pseudomonas, 0, 1178.2, 1174, 261, 293, 354, 266, 0
B1b3_2_forward, Pseudomonadaceae_Pseudomonas, 0, 1297.3, 1133, 293, 241, 248, 351, 0
B1b3_2_reverse, Pseudomonadaceae_Pseudomonas, 0, 1107.4, 1147, 249, 299, 336, 263, 0
B2c_forward, Pseudomonadaceae_Pseudomonas, 0, 1093.4, 1147, 285, 237, 245, 380, 0
B2c_reverse, Pseudomonadaceae_Pseudomonas, 0, 1113.4, 1160, 253, 297, 328, 282, 0
A0103_LKAP-FHGF1_D12_090, Vibrionaceae_Vibrio, 1.1e-258, 859.0, 732, 183, 151, 153, 245, 0
A0118_LKAP-FHGF1_C01_011, Vibrionaceae_Vibrio, 1.7e-289, 961.2, 809, 205, 167, 170, 267, 0
A0133_LKAP-FHGF1_D11_089, Vibrionaceae_Vibrio, 4.6e-235, 780.6, 681, 170, 147, 142, 222, 0
A0224_LKAP-FHGF1_C07_059, Vibrionaceae_Vibrio, 0, 1052.1, 862, 214, 181, 183, 284, 0
A0512_LKAP-FHGF1_E12_088, Vibrionaceae_Vibrio, 1.7e-186, 619.3, 542, 138, 112, 116, 176, 0
A0513_LKAP-FHGF1_B09_077, Vibrionaceae_Vibrio, 3.9e-259, 860.5, 780, 204, 164, 166, 246, 0
A0515_LKAP-FHGF1_D08_058, Vibrionaceae_Vibrio, 1.8e-296, 984.5, 852, 215, 186, 184, 267, 0
A0515b_LKAP-FHGF1_E09_071, Vibrionaceae_Vibrio, 1e-278, 925.4, 779, 206, 159, 164, 250, 0
A0516_LKAP-FHGF1_D07_057, Vibrionaceae_Vibrio, 0, 1089.4, 938, 240, 202, 198, 298, 0
A0517_LKAP-FHGF1_B01_013, Vibrionaceae_Vibrio, 0, 1070.0, 940, 235, 208, 204, 293, 0
A0518_LKAP-FHGF1_E07_055, Vibrionaceae_Vibrio, 4.5e-222, 737.4, 621, 156, 130, 134, 201, 0
A0519_LKAP-FHGF1_C11_091, Vibrionaceae_Vibrio, 0, 1153.3, 936, 237, 194, 199, 306, 0
A0519b_LKAP-FHGF1_E08_056, Vibrionaceae_Vibrio, 1.4e-222, 739.1, 621, 157, 129, 133, 202, 0
A0520_LKAP-FHGF1_A09_079, Vibrionaceae_Vibrio, 0, 1393.8, 1211, 305, 259, 264, 383, 0
A0521_LKAP-FHGF1_D09_073, Vibrionaceae_Vibrio, 3.5e-300, 996.8, 923, 228, 217, 196, 282, 0
A0618_LKAP-FHGF1_E11_087, Rhodospirillaceae_Thalassospira, 3e-215, 714.5, 597, 147, 125, 134, 191, 0
A0618_LKAP-FHGF1_B12_094, Rhodospirillaceae_Thalassospira, 3.6e-262, 870.3, 716, 180, 138, 159, 239, 0
A0623_LKAP-FHGF1_B02_014, Staphylococcaceae_Staphylococcus, 0, 1265.8, 1050, 287, 228, 227, 308, 0
A0623b_LKAP-FHGF1_F04_022, Planococcaceae_Jeotgalibacillus, 3e-180, 598.6, 550, 143, 107, 129, 171, 0
A0901_LKAP-FHGF1_D04_026, Vibrionaceae_Vibrio, 4.2e-260, 863.7, 750, 192, 156, 157, 245, 0
A0905_LKAP-FHGF1_C02_012, Vibrionaceae_Vibrio, 1.3e-300, 998.2, 866, 218, 187, 189, 272, 0
A0910_LKAP-FHGF1_D05_041, Vibrionaceae_Vibrio, 3.9e-253, 840.5, 710, 179, 153, 147, 231, 0
A0922_LKAP-FHGF1_C10_076, Vibrionaceae_Vibrio, 0, 1193.7, 956, 242, 199, 206, 309, 0
A1005_LKAP-FHGF1_D06_042, Vibrionaceae_Vibrio, 4.6e-280, 930.0, 805, 198, 172, 171, 264, 0
B0301_LKAP-FHGF1_C05_043, Aeromonadaceae_Zobellella, 1.9e-26, 87.9, 332, 95, 68, 74, 95, 0
B0302_LKAP-FHGF1_C04_028, Vibrionaceae_Vibrio, 1.5e-251, 835.3, 722, 187, 152, 151, 232, 0
B0302_LKAP-FHGF1_A03_031, Vibrionaceae_Vibrio, 0, 1328.4, 1099, 270, 237, 235, 357, 0
B0304_LKAP-FHGF1_A02_016, Vibrionaceae_Vibrio, 0, 1221.3, 1044, 262, 223, 222, 337, 0
B0306_LKAP-FHGF1_A06_048, Vibrionaceae_Vibrio, 0, 1057.0, 938, 235, 205, 200, 298, 0
B0315_LKAP-FHGF1_B07_061, Shewanellaceae_Shewanella, 1.9e-282, 937.9, 812, 205, 170, 179, 258, 0
B0317_LKAP-FHGF1_D02_010, Shewanellaceae_Shewanella, 3.5e-184, 611.8, 590, 147, 125, 134, 184, 0
B0319_LKAP-FHGF1_A01_015, Micrococcaceae_Citricoccus, 0, 1417.2, 1107, 242, 220, 266, 379, 0
B0323_LKAP-FHGF1_D10_074, Vibrionaceae_Vibrio, 1.4e-86, 287.6, 388, 85, 93, 93, 117, 0
B0606_LKAP-FHGF1_B03_029, Vibrionaceae_Vibrio, 0, 1214.7, 1016, 254, 219, 217, 326, 0
B0707_LKAP-FHGF1_C09_075, Vibrionaceae_Vibrio, 0, 1183.7, 936, 238, 188, 201, 309, 0
B0801_LKAP-FHGF1_B11_093, Vibrionaceae_Vibrio, 1.9e-219, 728.7, 619, 155, 127, 134, 203, 0
B0925_LKAP-FHGF1_C06_044, Vibrionaceae_Vibrio, 1.8e-290, 964.4, 808, 200, 173, 171, 264, 0
B0929_LKAP-FHGF1_C08_060, Vibrionaceae_Vibrio, 5.3e-296, 982.8, 809, 205, 170, 170, 264, 0
C0401_LKAP-FHGF1_F03_021, Vibrionaceae_Vibrio, 6.9e-223, 740.1, 631, 159, 130, 133, 209, 0
C0401b_LKAP-FHGF1_E01_007, Vibrionaceae_Vibrio, 1.8e-189, 629.2, 543, 135, 104, 122, 182, 0
C0402_LKAP-FHGF1_E02_008, Shewanellaceae_Shewanella, 1.5e-228, 758.9, 655, 168, 135, 140, 212, 0
C0501_LKAP-FHGF1_E05_039, Dietziaceae_Dietzia, 1.7e-194, 646.1, 607, 131, 148, 143, 185, 0
C0502_LKAP-FHGF1_G08_052, Vibrionaceae_Aliivibrio, 2.4e-198, 658.9, 569, 147, 120, 119, 183, 0
C0504_LKAP-FHGF1_G10_068, Vibrionaceae_Vibrio, 4.1e-199, 661.2, 589, 147, 127, 130, 185, 0
C0505_LKAP-FHGF1_G09_067, Vibrionaceae_Vibrio, 1.2e-160, 533.4, 473, 114, 92, 106, 161, 0
C0505b_LKAP-FHGF1_B10_078, Vibrionaceae_Vibrio, 4.2e-178, 591.4, 512, 123, 97, 118, 174, 0
C0510_LKAP-FHGF1_B08_062, Vibrionaceae_Vibrio, 1.3e-255, 848.7, 728, 187, 153, 153, 235, 0
C0606_LKAP-FHGF1_G06_036, Vibrionaceae_Vibrio, 7.5e-186, 617.1, 536, 132, 110, 119, 175, 0
C0704_LKAP-FHGF1_A05_047, Vibrionaceae_Photobacterium, 0, 1366.1, 1144, 275, 242, 253, 374, 0
C0704b_LKAP-FHGF1_C03_027, Vibrionaceae_Photobacterium, 1e-291, 968.5, 789, 197, 154, 174, 264, 0
C0705_LKAP-FHGF1_D01_009, Vibrionaceae_Photobacterium, 5e-189, 627.7, 569, 139, 111, 126, 193, 0
C0807_LKAP-FHGF1_F02_006, Alteromonadaceae_Bowmanella, 2.7e-207, 688.3, 555, 147, 109, 120, 179, 0
C0901_LKAP-FHGF1_A04_032, Vibrionaceae_Aliivibrio, 4.1e-45, 150.4, 351, 89, 81, 89, 92, 0
C0907_LKAP-FHGF1_E04_024, Vibrionaceae_Vibrio, 1.3e-247, 822.2, 710, 178, 158, 145, 229, 0
F0101_LKAP-FHGF1_F10_070, Vibrionaceae_Photobacterium, 7e-136, 451.0, 391, 93, 72, 91, 135, 0
F0103_LKAP-FHGF1_A11_095, Enterococcaceae_Vagococcus, 0, 1346.8, 1099, 284, 237, 244, 334, 0
F0113_LKAP-FHGF1_B04_030, Vibrionaceae_Vibrio, 8.9e-307, 1018.5, 817, 206, 165, 173, 273, 0
F0116_LKAP-FHGF1_G03_019, Vibrionaceae_Photobacterium, 3.5e-224, 744.4, 638, 153, 129, 142, 214, 0
F0117_LKAP-FHGF1_A12_096, Shewanellaceae_Shewanella, 0, 1034.6, 855, 216, 171, 189, 279, 0
F0405_LKAP-FHGF1_F01_005, Vibrionaceae_Vibrio, 4.9e-250, 830.3, 730, 179, 163, 154, 234, 0
F0501_LKAP-FHGF1_F05_037, Vibrionaceae_Vibrio, 1.6e-196, 652.5, 552, 134, 105, 123, 190, 0
F0502_LKAP-FHGF1_A07_063, Shewanellaceae_Shewanella, 0, 1204.1, 1100, 272, 242, 252, 334, 0
F0510_LKAP-FHGF1_G02_004, Vibrionaceae_Vibrio, 1.5e-211, 702.4, 592, 145, 118, 130, 199, 0
F0516_LKAP-FHGF1_F11_085, Vibrionaceae_Vibrio, 3.5e-180, 598.3, 507, 128, 98, 113, 168, 0
F0533_LKAP-FHGF1_G01_003, Alcaligenaceae_Alcaligenes, 3.9e-53, 175.7, 178, 42, 35, 44, 57, 0
F0536_LKAP-FHGF1_F12_086, Vibrionaceae_Vibrio, 4.4e-232, 770.6, 655, 163, 138, 140, 214, 0
F0612_LKAP-FHGF1_E06_040, Alcaligenaceae_Alcaligenes, 1.3e-263, 875.3, 692, 184, 147, 143, 218, 0
F0612_LKAP-FHGF1_B04_030, Aeromonadaceae_Oceanimonas, 3.1e-273, 907.1, 742, 193, 143, 170, 236, 0
F0619_LKAP-FHGF1_G04_020, Shewanellaceae_Shewanella, 9.1e-217, 719.9, 643, 160, 141, 138, 204, 0
F0626_LKAP-FHGF1_A10_080, Shewanellaceae_Shewanella, 0, 1404.0, 1170, 298, 237, 263, 372, 0
F0632_LKAP-FHGF1_E10_072, Aeromonadaceae_Oceanimonas, 1.3e-194, 646.1, 555, 134, 115, 132, 174, 0
F0633_LKAP-FHGF1_G05_035, Alcaligenaceae_Alcaligenes, 4.3e-258, 857.0, 702, 184, 153, 151, 214, 0
F0701_LKAP-FHGF1_A08_064, Vibrionaceae_Vibrio, 0, 1443.2, 1208, 304, 253, 264, 387, 0
F0832_LKAP-FHGF1_B06_046, Aeromonadaceae_Oceanimonas, 1.1e-181, 603.1, 503, 125, 95, 118, 165, 0
F0919_LKAP-FHGF1_F07_053, Vibrionaceae_Vibrio, 3.5e-197, 654.7, 550, 137, 108, 120, 185, 0
F0923_LKAP-FHGF1_F06_038, Vibrionaceae_Vibrio, 1.6e-206, 685.9, 633, 150, 154, 129, 200, 0
F0931_LKAP-FHGF1_F08_054, Moraxellaceae_Psychrobacter, 7.5e-232, 769.9, 620, 167, 133, 126, 194, 0
F0932_LKAP-FHGF1_F09_069, Halomonadaceae_Halomonas, 2e-52, 174.5, 390, 84, 79, 114, 113, 0
LKAP.g-Gut1_A04_032.seq, Vibrionaceae_Vibrio, 0, 1376.0, 1145, 288, 246, 242, 369, 0
LKAP.g-Gut1_B06_046.seq, Vibrionaceae_Vibrio, 8.8e-304, 1008.7, 901, 231, 195, 189, 286, 0
LKAP.g-Gut1_B07_061.seq, Vibrionaceae_Vibrio, 0, 1372.0, 1123, 282, 240, 238, 363, 0
LKAP.g-Gut1_G10_068.seq, Rhodobacteraceae_Litorisediminivivens, 4.4e-21, 72.8, 923, 199, 257, 224, 243, 0
LKAP.g-Gut1_E11_087.seq, Pseudoalteromonadaceae_Pseudoalteromonas, 0, 1027.4, 1011, 256, 225, 223, 307, 0
LKAP.g-Gut1_F08_054.seq, Vibrionaceae_Vibrio, 0, 1349.0, 1126, 282, 242, 242, 360, 0
LKAP.g-Gut1_D01_009.seq, Vibrionaceae_Aliivibrio, 0, 1362.0, 1161, 298, 249, 251, 363, 0
LKAP.g-Gut1_B08_062.seq, Vibrionaceae_Vibrio, 0, 1401.9, 1152, 290, 241, 244, 377, 0
LKAP.g-Gut1_E08_056.seq, Vibrionaceae_Vibrio, 0, 1337.8, 1095, 274, 237, 235, 349, 0
LKAP.g-Gut1_C04_028.seq, Vibrionaceae_Vibrio, 0, 1385.9, 1139, 288, 248, 242, 361, 0
LKAP.g-Gut1_C05_043.seq, Vibrionaceae_Vibrio, 0, 1379.0, 1129, 283, 241, 242, 363, 0
LKAP.g-Gut1_H12_082.seq, Rhodobacteraceae_Ruegeria, 2.6e-85, 284.4, 603, 148, 169, 126, 160, 0
LKAP.g-Gut1_A12_096.seq, Vibrionaceae_Vibrio, 0, 1356.4, 1147, 293, 239, 247, 368, 0
LKAP.g-Gut1_C02_012.seq, Vibrionaceae_Vibrio, 0, 1395.8, 1134, 282, 244, 245, 363, 0
LKAP.g-Gut1_D09_073.seq, Vibrionaceae_Vibrio, 0, 1377.8, 1116, 279, 234, 238, 365, 0
LKAP.g-Gut1_G11_083.seq, Flavobacteriaceae_Tenacibaculum, 8.7e-247, 820.0, 888, 250, 241, 180, 217, 0
LKAP.g-Gut1_H04_018.seq, Rhodobacteraceae_Sedimentitalea, 0, 1301.8, 1064, 273, 225, 240, 326, 0
LKAP.g-Gut1_H09_065.seq, Rhodobacteraceae_Sedimentitalea, 0, 1393.0, 1095, 276, 235, 247, 337, 0
LKAP.g-Gut1_E12_088.seq, Vibrionaceae_Vibrio, 0, 1378.5, 1140, 292, 239, 246, 363, 0
LKAP.g-Gut1_B04_030.seq, Vibrionaceae_Vibrio, 9.8e-158, 524.9, 1064, 227, 271, 265, 301, 0
LKAP.g-Gut1_E04_024.seq, Pseudoalteromonadaceae_Pseudoalteromonas, 0, 1339.2, 1131, 292, 240, 247, 352, 0
LKAP.g-Gut1_D12_090.seq, Pseudoalteromonadaceae_Pseudoalteromonas, 0, 1291.8, 1055, 274, 229, 223, 329, 0
LKAP.g-Gut1_F11_085.seq, Vibrionaceae_Vibrio, 0, 1350.3, 1150, 286, 244, 245, 375, 0
LKAP.g-Gut1_A02_016.seq, Vibrionaceae_Vibrio, 0, 1346.6, 1087, 270, 235, 235, 347, 0
LKAP.g-Gut1_D10_074.seq, Vibrionaceae_Vibrio, 0, 1337.9, 1095, 272, 234, 235, 354, 0
LKAP.g-Gut1_F07_053.seq, Pseudoalteromonadaceae_Pseudoalteromonas, 0, 1383.4, 1162, 297, 244, 252, 369, 0
LKAP.g-Gut1_B11_093.seq, Vibrionaceae_Vibrio, 0, 1387.3, 1150, 290, 239, 246, 375, 0
LKAP.g-Gut1_C10_076.seq, Rhodobacteraceae_Thioclava, 1.5e-27, 93.5, 1071, 280, 312, 214, 265, 0
LKAP.g-Gut1_E01_007.seq, Shewanellaceae_Shewanella, 1.4e-254, 845.9, 1030, 265, 257, 236, 272, 0
LKAP.g-Gut1_B02_014.seq, Vibrionaceae_Vibrio, 0, 1365.8, 1090, 270, 233, 235, 352, 0
LKAP.g-Gut1_C01_011.seq, Vibrionaceae_Vibrio, 0, 1410.8, 1158, 290, 247, 248, 373, 0
LKAP.g-Gut1_F02_006.seq, Vibrionaceae_Vibrio, 0, 1215.0, 1031, 265, 216, 229, 321, 0
LKAP.g-Gut1_F03_021.seq, Rhodobacteraceae_Roseovarius, 0, 1354.3, 1107, 281, 235, 251, 340, 0
LKAP.g-Gut1_F06_038.seq, Flavobacteriaceae_Tenacibaculum, 3e-145, 483.5, 881, 244, 238, 200, 199, 0
LKAP.g-Gut1_A01_015.seq, Vibrionaceae_Vibrio, 0, 1327.2, 1099, 270, 234, 235, 360, 0
LKAP.g-Gut1_E07_055.seq, Vibrionaceae_Vibrio, 0, 1300.7, 1086, 275, 233, 235, 343, 0
LKAP.g-Gut1_F10_070.seq, Vibrionaceae_Vibrio, 0, 1351.0, 1096, 274, 238, 235, 349, 0
LKAP.g-Gut1_A11_095.seq, Pseudoalteromonadaceae_Pseudoalteromonas, 9.6e-160, 531.6, 1161, 249, 310, 279, 323, 0
LKAP.g-Gut1_H05_033.seq, Vibrionaceae_Vibrio, 0, 1364.3, 1135, 290, 236, 247, 362, 0
LKAP.g-Gut1_G03_019.seq, Vibrionaceae_Vibrio, 9.4e-115, 382.1, 813, 200, 239, 169, 205, 0
LKAP.g-Gut1_A07_063.seq, Bacillales_Exiguobacterium, 4.8e-190, 631.9, 927, 222, 206, 234, 265, 0
LKAP.g-Gut1_D08_058.seq, Vibrionaceae_Vibrio, 0, 1356.1, 1143, 292, 247, 242, 362, 0
LKAP.g-Gut1_H01_001.seq, Flavobacteriaceae_Tenacibaculum, 0, 1404.9, 1123, 318, 270, 221, 314, 0
LKAP.g-Gut1_E06_040.seq, Vibrionaceae_Vibrio, 0, 1323.5, 1082, 278, 226, 234, 344, 0
LKAP.g-Gut1_F05_037.seq, Vibrionaceae_Vibrio, 0, 1345.4, 1104, 279, 235, 240, 350, 0
LKAP.g-Gut1_D06_042.seq, Vibrionaceae_Vibrio, 0, 1361.6, 1091, 272, 234, 233, 352, 0
LKAP.g-Gut1_A08_064.seq, Vibrionaceae_Vibrio, 0, 1420.2, 1193, 300, 266, 251, 376, 0
LKAP.g-Gut1_B05_045.seq, Vibrionaceae_Photobacterium, 0, 1249.6, 1107, 271, 236, 246, 354, 0
LKAP.g-Gut1_C12_092.seq, Vibrionaceae_Vibrio, 1.3e-46, 155.8, 598, 140, 160, 126, 172, 0
LKAP.g-Gut1_G01_003.seq, Vibrionaceae_Vibrio, 0, 1293.7, 1105, 281, 239, 242, 343, 0
LKAP.g-Gut1_A09_079.seq, Vibrionaceae_Vibrio, 0, 1430.1, 1201, 303, 256, 263, 379, 0
LKAP.g-Gut1_G05_035.seq, Shewanellaceae_Shewanella, 0, 1375.2, 1132, 288, 235, 247, 362, 0
LKAP.g-Gut1_E02_008.seq, Vibrionaceae_Vibrio, 6.1e-42, 140.4, 652, 170, 205, 113, 164, 0
LKAP.g-Gut1_H02_002.seq, Vibrionaceae_Vibrio, 0, 1394.0, 1140, 287, 240, 243, 370, 0
LKAP.g-Gut1_E09_071.seq, Vibrionaceae_Aliivibrio, 0, 1359.1, 1120, 291, 244, 237, 348, 0
LKAP.g-Gut1_G07_051.seq, Vibrionaceae_Vibrio, 8.3e-65, 216.8, 995, 251, 282, 192, 270, 0
LKAP.g-Gut1_C08_060.seq, Vibrionaceae_Vibrio, 1.3e-50, 169.5, 800, 196, 197, 190, 217, 0
LKAP.g-Gut1_A10_080.seq, Vibrionaceae_Vibrio, 0, 1131.9, 958, 240, 202, 206, 310, 0
LKAP.g-Gut1_B01_013.seq, Vibrionaceae_Vibrio, 0, 1325.6, 1087, 278, 230, 235, 344, 0
LKAP.g-Gut1_E05_039.seq, Vibrionaceae_Vibrio, 8.9e-108, 358.9, 786, 205, 201, 187, 193, 0
LKAP.g-Gut1_H10_066.seq, Rhodobacteraceae_Sedimentitalea, 0, 1364.6, 1058, 268, 227, 240, 323, 0
LKAP.g-Gut1_B09_077.seq, Rhodobacteraceae_Ruegeria, 0, 1398.0, 1115, 276, 232, 257, 350, 0
LKAP.g-Gut1_C03_027.seq, Vibrionaceae_Photobacterium, 0, 1320.7, 1147, 282, 242, 254, 369, 0
LKAP.g-Gut1_G06_036.seq, Flavobacteriaceae_Tenacibaculum, 0, 1372.3, 1119, 313, 269, 223, 314, 0
LKAP.g-Gut1_H03_017.seq, Vibrionaceae_Vibrio, 0, 1350.2, 1135, 290, 239, 247, 359, 0
LKAP.g-Gut1_D07_057.seq, Vibrionaceae_Vibrio, 0, 1360.3, 1113, 279, 237, 238, 359, 0
LKAP.g-Gut1_E10_072.seq, Pseudoalteromonadaceae_Pseudoalteromonas, 0, 1311.1, 1072, 277, 227, 232, 336, 0
LKAP.g-Gut1_C09_075.seq, Vibrionaceae_Vibrio, 4.7e-112, 373.0, 732, 168, 196, 158, 210, 0
LKAP.g-Gut1_C11_091.seq, Vibrionaceae_Photobacterium, 0, 1298.2, 1149, 278, 239, 256, 376, 0
LKAP.g-Gut1_F01_005.seq, Vibrionaceae_Vibrio, 0, 1373.2, 1116, 282, 237, 245, 352, 0
LKAP.g-Gut1_H06_034.seq, Vibrionaceae_Vibrio, 0, 1298.8, 1080, 265, 226, 235, 354, 0
LKAP.g-Gut1_G04_020.seq, Vibrionaceae_Vibrio, 0, 1359.2, 1136, 287, 245, 240, 364, 0
LKAP.g-Gut1_A06_048.seq, Vibrionaceae_Vibrio, 0, 1383.5, 1151, 291, 242, 249, 369, 0
LKAP.g-Gut1_H07_049.seq, Vibrionaceae_Vibrio, 0, 1392.1, 1137, 285, 239, 242, 371, 0
LKAP.g-Gut1_H11_081.seq, Shewanellaceae_Shewanella, 0, 1366.2, 1114, 280, 241, 242, 351, 0
LKAP.g-Gut1_D02_010.seq, Vibrionaceae_Vibrio, 0, 1330.4, 1059, 262, 226, 225, 346, 0
LKAP.g-Gut1_B10_078.seq, Vibrionaceae_Vibrio, 0, 1392.5, 1140, 290, 239, 242, 369, 0
LKAP.g-Gut1_C06_044.seq, Vibrionaceae_Vibrio, 0, 1335.1, 1108, 274, 238, 242, 354, 0
LKAP.g-Gut1_B12_094.seq, Vibrionaceae_Vibrio, 0, 1113.8, 897, 232, 181, 189, 295, 0
LKAP.g-Gut1_F04_022.seq, Pseudoalteromonadaceae_Pseudoalteromonas, 0, 1341.5, 1150, 302, 243, 249, 356, 0
LKAP.g-Gut1_G02_004.seq, Vibrionaceae_Vibrio, 0, 1379.8, 1157, 294, 246, 246, 371, 0
LKAP.g-Gut1_B03_029.seq, Vibrionaceae_Vibrio, 0, 1338.7, 1112, 273, 245, 240, 354, 0
LKAP.g-Gut1_G08_052.seq, Flavobacteriaceae_Tenacibaculum, 0, 1412.3, 1165, 323, 281, 235, 326, 0
LKAP.g-Gut1_G09_067.seq, Flavobacteriaceae_Tenacibaculum, 0, 1397.2, 1157, 325, 278, 230, 324, 0
LKAP.g-Gut1_A05_047.seq, Vibrionaceae_Vibrio, 0, 1320.5, 1163, 290, 254, 249, 370, 0
LKAP.g-Gut1_D03_025.seq, Vibrionaceae_Vibrio, 0, 1379.0, 1132, 282, 248, 242, 360, 0
LKAP.g-Gut1_G12_084.seq, Vibrionaceae_Vibrio, 7e-64, 213.6, 897, 214, 246, 217, 220, 0
LKAP.g-Gut1_C07_059.seq, Vibrionaceae_Vibrio, 0, 1381.1, 1140, 285, 243, 245, 367, 0
LKAP.g-Gut1_E03_023.seq, Pseudoalteromonadaceae_Pseudoalteromonas, 0, 1247.8, 1041, 271, 221, 225, 324, 0
LKAP.g-Gut1_A03_031.seq, Vibrionaceae_Vibrio, 3.5e-22, 75.7, 1143, 287, 319, 260, 277, 0
LKAP.g-Gut1_F09_069.seq, Pasteurellaceae_Bibersteinia, 4.5e-23, 79.7, 1003, 255, 252, 238, 258, 0
LKAP.g-Gut1_F12_086.seq, Vibrionaceae_Vibrio, 1.7e-28, 96.7, 1129, 261, 340, 271, 257, 0
LKAP.g-Gut1_H08_050.seq, Vibrionaceae_Vibrio, 0, 1359.7, 1132, 282, 242, 244, 364, 0
LKAP-Gut2_D10_074.seq, Kiloniellaceae_Kiloniella, 0, 1362.4, 1056, 271, 230, 224, 331, 0
LKAP-Gut2_H01_001.seq, Rhodobacteraceae_Sedimentitalea, 0, 1290.1, 984, 251, 212, 218, 303, 0
LKAP-Gut2_E12_088.seq, Rhodobacteraceae_Sedimentitalea, 0, 1280.3, 1003, 256, 215, 223, 309, 0
LKAP-Gut2_A05_047.seq, Vibrionaceae_Vibrio, 0, 1298.5, 1059, 269, 221, 226, 343, 0
LKAP-Gut2_H02_002.seq, Vibrionaceae_Vibrio, 0, 1284.0, 1054, 261, 222, 224, 347, 0
LKAP-Gut2_B12_094.seq, Pseudoalteromonadaceae_Pseudoalteromonas, 0, 1252.7, 1002, 267, 208, 218, 309, 0
LKAP-Gut2_H10_066.seq, Rhodobacteraceae_Sedimentitalea, 0, 1352.3, 1035, 263, 223, 233, 316, 0
LKAP-Gut2_B08_062.seq, Shewanellaceae_Shewanella, 0, 1341.6, 1068, 270, 219, 235, 344, 0
LKAP-Gut2_H04_018.seq, Flavobacteriaceae_Tenacibaculum, 4.7e-66, 220.5, 599, 141, 156, 142, 160, 0
LKAP-Gut2_F08_054.seq, Shewanellaceae_Shewanella, 0, 1328.3, 1061, 270, 218, 233, 340, 0
LKAP-Gut2_A03_031.seq, Rhodobacteraceae_Sedimentitalea, 0, 1052.8, 863, 222, 187, 187, 267, 0
LKAP-Gut2_B03_029.seq, Rhodospirillaceae_Thalassospira, 0, 1364.1, 1078, 268, 217, 247, 346, 0
LKAP-Gut2_C01_011.seq, Rhodobacteraceae_Pseudophaeobacter, 0, 1340.1, 1051, 265, 221, 242, 323, 0
LKAP-Gut2_B01_013.seq, Flavobacteriaceae_Tenacibaculum, 0, 1302.4, 1063, 302, 259, 208, 294, 0
LKAP-Gut2_E06_040.seq, Flavobacteriaceae_Algibacter, 0, 1230.6, 1095, 299, 254, 224, 318, 0
LKAP-Gut2_E02_008.seq, Rhodobacteraceae_Thalassobius, 0, 1293.1, 1076, 268, 229, 244, 335, 0
LKAP-Gut2_A02_016.seq, Rhodobacteraceae_Sedimentitalea, 0, 1334.3, 1029, 260, 221, 233, 315, 0
LKAP-Gut2_B05_045.seq, Rhodobacteraceae_Sedimentitalea, 0, 1360.5, 1084, 275, 231, 243, 335, 0
LKAP-Gut2_D07_057.seq, Rhodobacteraceae_Pseudophaeobacter, 0, 1380.0, 1084, 274, 226, 248, 336, 0
LKAP-Gut2_C10_076.seq, Shewanellaceae_Shewanella, 0, 1311.3, 1065, 275, 218, 238, 334, 0
LKAP-Gut2_C03_027.seq, Vibrionaceae_Photobacterium, 0, 1295.5, 1077, 272, 231, 229, 345, 0
LKAP-Gut2_B09_077.seq, Kiloniellaceae_Kiloniella, 0, 1385.4, 1057, 272, 229, 229, 327, 0
LKAP-Gut2_E07_055.seq, Rhodobacteraceae_Sedimentitalea, 0, 1347.2, 1037, 262, 222, 234, 319, 0
LKAP-Gut2_C04_028.seq, Shewanellaceae_Shewanella, 0, 1346.7, 1092, 273, 230, 245, 344, 0
LKAP-Gut2_B07_061.seq, Vibrionaceae_Vibrio, 0, 1322.2, 1077, 271, 227, 236, 343, 0
LKAP-Gut2_E05_039.seq, Vibrionaceae_Vibrio, 0, 1325.5, 1091, 269, 229, 239, 354, 0
LKAP-Gut2_A04_032.seq, Pseudoalteromonadaceae_Pseudoalteromonas, 0, 1264.6, 1072, 278, 232, 229, 333, 0
LKAP-Gut2_F07_053.seq, Rhodobacteraceae_Sedimentitalea, 0, 1269.3, 983, 250, 210, 218, 305, 0
LKAP-Gut2_G04_020.seq, Flavobacteriaceae_Algibacter, 0, 1226.0, 1075, 294, 248, 222, 311, 0
LKAP-Gut2_F12_086.seq, Rhodobacteraceae_Thalassobius, 0, 1233.6, 1012, 253, 214, 229, 316, 0
LKAP-Gut2_A01_015.seq, Rhodobacteraceae_Sedimentitalea, 0, 1341.8, 1049, 263, 226, 240, 320, 0
LKAP-Gut2_A09_079.seq, Shewanellaceae_Shewanella, 0, 1281.7, 1043, 261, 223, 224, 335, 0
LKAP-Gut2_C12_092.seq, Rhodobacteraceae_Thalassobius, 0, 1208.4, 1009, 255, 213, 223, 318, 0
LKAP-Gut2_E08_56.seq, Rhodobacteraceae_Thalassobius, 0, 1295.4, 1074, 267, 227, 245, 335, 0
LKAP-Gut2_G11_083.seq, Shewanellaceae_Shewanella, 0, 1301.6, 1038, 268, 211, 228, 331, 0
LKAP-Gut2_B06_046.seq, Rhodobacteraceae_Sedimentitalea, 0, 1380.8, 1081, 275, 229, 242, 335, 0
LKAP-Gut2_G02_004.seq, Flavobacteriaceae_Algibacter, 0, 1207.4, 1057, 288, 242, 220, 307, 0
LKAP-Gut2_A08_064.seq, Rhodospirillaceae_Thalassospira, 0, 1366.5, 1055, 262, 220, 239, 334, 0
LKAP-Gut2_C02_012.seq, Shewanellaceae_Shewanella, 0, 1313.6, 1079, 270, 220, 241, 348, 0
LKAP-Gut2_B11_093.seq, Vibrionaceae_Vibrio, 0, 1254.3, 1024, 262, 214, 218, 330, 0
LKAP-Gut2_D09_073.seq, Vibrionaceae_Vibrio, 0, 1324.5, 1071, 268, 225, 233, 345, 0
LKAP-Gut2_D04_026.seq, Colwelliaceae_Colwellia, 0, 1348.3, 1095, 285, 238, 233, 339, 0
LKAP-Gut2_C07_059.seq, Flavobacteriaceae_Tenacibaculum, 0, 1347.2, 1079, 302, 265, 212, 300, 0
LKAP-Gut2_H06_034.seq, Shewanellaceae_Shewanella, 0, 1346.8, 1063, 272, 218, 234, 339, 0
LKAP-Gut2_C11_091.seq, Flavobacteriaceae_Hwangdonia, 1.4e-12, 44.6, 1106, 287, 282, 260, 277, 0
LKAP-Gut2_B04_030.seq, Vibrionaceae_Vibrio, 0, 1334.2, 1086, 276, 227, 238, 345, 0
LKAP-Gut2_H07_049.seq, Shewanellaceae_Shewanella, 0, 1326.3, 1068, 272, 220, 235, 341, 0
LKAP-Gut2_G12_084.seq, Vibrionaceae_Vibrio, 0, 1269.3, 1001, 256, 206, 215, 324, 0
LKAP-Gut2_E11_087.seq, Rhodospirillaceae_Thalassospira, 0, 1328.6, 1031, 258, 212, 234, 327, 0
LKAP-Gut2_H03_017.seq, Flavobacteriaceae_Tenacibaculum, 2e-78, 261.7, 714, 183, 184, 170, 177, 0
LKAP-Gut2_B10_078.seq, Vibrionaceae_Vibrio, 0, 1289.4, 1047, 260, 221, 225, 341, 0
LKAP-Gut2_F09_069.seq, Shewanellaceae_Shewanella, 0, 1331.3, 1081, 274, 223, 244, 340, 0
LKAP-Gut2_E04_024.seq, Chromatiaceae_Rheinheimera, 0, 1331.8, 1105, 281, 235, 243, 346, 0
LKAP-Gut2_F04_021.seq, Rhodobacteraceae_Sedimentitalea, 0, 1386.2, 1067, 270, 229, 241, 327, 0
LKAP-Gut2_G03_019.seq, Flavobacteriaceae_Tenacibaculum, 0, 1335.2, 1074, 302, 263, 208, 301, 0
LKAP-Gut2_C05_043.seq, Shewanellaceae_Shewanella, 0, 1346.1, 1082, 274, 224, 241, 343, 0
LKAP-Gut2_D03_025.seq, Vibrionaceae_Vibrio, 0, 1346.0, 1086, 271, 235, 236, 344, 0
LKAP-Gut2_E10_072.seq, Micrococcaceae_Micrococcus, 0, 1365.7, 1056, 239, 213, 247, 357, 0
LKAP-Gut2_D05_041.seq, Vibrionaceae_Vibrio, 0, 1341.2, 1093, 273, 235, 237, 348, 0
LKAP-Gut2_G01_003.seq, Vibrionaceae_Aliivibrio, 0, 1263.3, 1051, 273, 224, 220, 334, 0
LKAP-Gut2_E09_071.seq, Vibrionaceae_Vibrio, 0, 1301.9, 1081, 268, 227, 233, 353, 0
LKAP-Gut2_E03_023.seq, Flavobacteriaceae_Algibacter, 0, 1238.8, 1081, 290, 255, 223, 313, 0
LKAP-Gut2_G07_051.seq, Shewanellaceae_Shewanella, 4.2e-45, 151.6, 1006, 238, 254, 258, 256, 0
LKAP-Gut2_D02_010.seq, Vibrionaceae_Vibrio, 0, 1334.0, 1085, 270, 238, 233, 344, 0
LKAP-Gut2_F06_038.seq, Vibrionaceae_Vibrio, 0, 1361.9, 1091, 270, 232, 238, 351, 0
LKAP-Gut2_F05_037.seq, Rhodobacteraceae_Thalassobius, 0, 1260.5, 1030, 258, 221, 232, 319, 0
LKAP-Gut2_A12_096.seq, Rhodobacteraceae_Sedimentitalea, 0, 1256.8, 999, 254, 215, 220, 310, 0
LKAP-Gut2_D08_058.seq, Vibrionaceae_Vibrio, 0, 1340.1, 1079, 273, 229, 231, 346, 0
LKAP-Gut2_G08_052.seq, Rhodobacteraceae_Sedimentitalea, 0, 1326.3, 1025, 259, 221, 232, 313, 0
LKAP-Gut2_F10_070.seq, Vibrionaceae_Vibrio, 0, 1296.7, 1062, 263, 224, 229, 346, 0
LKAP-Gut2_H08_050.seq, Vibrionaceae_Vibrio, 0, 1301.2, 1059, 260, 223, 231, 345, 0
LKAP-Gut2_C09_075.seq, Shewanellaceae_Shewanella, 0, 1330.3, 1065, 270, 217, 236, 342, 0
LKAP-Gut2_D12_090.seq, Rhodobacteraceae_Sedimentitalea, 0, 1264.7, 1007, 259, 213, 223, 312, 0
LKAP-Gut2_H05_033.seq, Vibrionaceae_Vibrio, 4.2e-135, 449.4, 766, 180, 193, 183, 210, 0
LKAP-Gut2_F11_085.seq, Rhodobacteraceae_Thalassobius, 0, 1253.0, 1027, 256, 216, 235, 320, 0
LKAP-Gut2_D06_042.seq, Rhodobacteraceae_Sedimentitalea, 0, 1379.6, 1087, 275, 230, 243, 339, 0
LKAP-Gut2_A11_095.seq, Rhodobacteraceae_Sedimentitalea, 0, 1293.9, 1018, 264, 215, 230, 309, 0
LKAP-Gut2_F01_055.seq, Rhodobacteraceae_Sedimentitalea, 0, 1334.0, 1017, 259, 220, 227, 311, 0
LKAP-Gut2_E01_007.seq, Vibrionaceae_Vibrio, 0, 1275.9, 1052, 263, 232, 221, 336, 0
LKAP-Gut2_G09_067.seq, Rhodobacteraceae_Sedimentitalea, 0, 1347.2, 1054, 268, 225, 239, 322, 0
LKAP-Gut2_D01_009.seq, Rhodobacteraceae_Sedimentitalea, 0, 1258.8, 995, 255, 212, 219, 309, 0
LKAP-Gut2_G06_036.seq, Rhodobacteraceae_Thalassobius, 0, 1243.6, 1017, 252, 217, 231, 317, 0
LKAP-Gut2_H09, Rhodobacteraceae_Nereida, 9.2e-09, 31.2, 535, 123, 153, 135, 124, 0
LKAP-Gut2_C08_060.seq, Colwelliaceae_Colwellia, 1.1e-239, 796.6, 1061, 246, 285, 244, 286, 0
LKAP-Gut2_C06_044.seq, Flavobacteriaceae_Algibacter, 0, 1231.3, 1083, 293, 252, 223, 315, 0
LKAP-Gut2_A06_048.seq, Rhodobacteraceae_Pseudophaeobacter, 0, 1330.2, 1059, 267, 225, 242, 325, 0
LKAP-Gut2_H12_082.seq, Alcaligenaceae_Alcaligenes, 0.0029, 11.6, 398, 105, 108, 75, 110, 0
LKAP-Gut2_A10_080.seq, Alteromonadales_Neiella, 3.8e-15, 52.1, 556, 136, 137, 109, 174, 0
LKAP-Gut2_G10_068.seq, Shewanellaceae_Shewanella, 0, 1303.9, 1058, 269, 222, 230, 337, 0
LKAP-Gut2_H11_081.seq, Shewanellaceae_Shewanella, 1.8e-64, 214.6, 464, 114, 108, 114, 128, 0
LKAP-Gut2_G05_035.seq, Flavobacteriaceae_Algibacter, 0, 1212.1, 1067, 288, 249, 221, 309, 0
LKAP-Gut2_A07_063.seq, Vibrionaceae_Vibrio, 0, 1316.8, 1058, 268, 220, 230, 340, 0
LKAP-Gut2_F03_021.seq, Rhodobacteraceae_Pseudophaeobacter, 0, 1351.4, 1076, 270, 224, 246, 336, 0
LKAP-Gut2_D11_089.seq, Vibrionaceae_Vibrio, 0, 1267.6, 1045, 261, 223, 223, 338, 0
LKAP-Gut2_B02_014.seq, Vibrionaceae_Vibrio, 0, 1296.2, 1079, 274, 226, 234, 345, 0
LKAP-GutHK_A01_015, Vibrionaceae_Vibrio, 0, 1204.9, 983, 255, 202, 214, 312, 0
LKAP-GutHK_A02_016, Vibrionaceae_Vibrio, 0, 1219.1, 989, 258, 203, 213, 315, 0
LKAP-GutHK_A03_031, Shewanellaceae_Shewanella, 0, 1239.8, 993, 253, 200, 217, 323, 0
LKAP-GutHK_A04_032, Vibrionaceae_Enterovibrio, 0, 1214.6, 997, 252, 197, 219, 329, 0
LKAP-GutHK_A05_047, Vibrionaceae_Vibrio, 0, 1223.4, 1005, 254, 210, 213, 328, 0
LKAP-GutHK_A06_048, Vibrionaceae_Vibrio, 0, 1240.1, 982, 250, 200, 212, 320, 0
LKAP-GutHK_A07_063, Vibrionaceae_Vibrio, 0, 1233.5, 988, 253, 200, 213, 322, 0
LKAP-GutHK_A08_064, Vibrionaceae_Vibrio, 0, 1233.4, 987, 250, 203, 211, 323, 0
LKAP-GutHK_A09_079, Vibrionaceae_Vibrio, 0, 1209.4, 976, 251, 200, 209, 316, 0
LKAP-GutHK_A10_080, Shewanellaceae_Shewanella, 0, 1197.2, 971, 247, 189, 218, 317, 0
LKAP-GutHK_A11_095, Vibrionaceae_Vibrio, 0, 1171.7, 938, 237, 193, 197, 311, 0
LKAP-GutHK_A12_096, Vibrionaceae_Vibrio, 0, 1156.6, 927, 235, 186, 197, 309, 0
LKAP-GutHK_B01_013, Vibrionaceae_Vibrio, 0, 1229.4, 989, 252, 200, 211, 326, 0
LKAP-GutHK_B02_014, Vibrionaceae_Vibrio, 0, 1251.5, 1004, 254, 205, 218, 327, 0
LKAP-GutHK_B03_029, Vibrionaceae_Vibrio, 0, 1247.0, 1007, 257, 208, 214, 328, 0
LKAP-GutHK_B04_030, Vibrionaceae_Vibrio, 0, 1234.5, 999, 255, 205, 213, 326, 0
LKAP-GutHK_B05_045, Vibrionaceae_Vibrio, 0, 1215.6, 1003, 261, 205, 217, 320, 0
LKAP-GutHK_B06_046, Vibrionaceae_Vibrio, 0, 1246.7, 1013, 253, 206, 219, 335, 0
LKAP-GutHK_B07_061, Shewanellaceae_Shewanella, 0, 1215.0, 1008, 257, 199, 224, 328, 0
LKAP-GutHK_B08_062, Shewanellaceae_Shewanella, 0, 1211.3, 991, 254, 198, 218, 321, 0
LKAP-GutHK_B09_077, Vibrionaceae_Vibrio, 0, 1216.3, 983, 255, 202, 211, 315, 0
LKAP-GutHK_B10_078, Vibrionaceae_Vibrio, 0, 1173.0, 950, 245, 191, 202, 312, 0
LKAP-GutHK_B11_093, Vibrionaceae_Vibrio, 0, 1187.1, 949, 236, 187, 203, 323, 0
LKAP-GutHK_B12_094, Vibrionaceae_Vibrio, 0, 1150.1, 922, 232, 183, 196, 311, 0
LKAP-GutHK_C01_011, Vibrionaceae_Vibrio, 0, 1222.4, 990, 253, 200, 214, 323, 0
LKAP-GutHK_C02_012, Vibrionaceae_Vibrio, 0, 1245.6, 1006, 255, 206, 217, 328, 0
LKAP-GutHK_C03_027, Vibrionaceae_Vibrio, 0, 1233.0, 1004, 255, 206, 215, 328, 0
LKAP-GutHK_C04_028, Vibrionaceae_Enterovibrio, 0, 1243.5, 1019, 252, 204, 222, 341, 0
LKAP-GutHK_C05_043, Vibrionaceae_Enterovibrio, 0, 1205.7, 1020, 253, 209, 219, 339, 0
LKAP-GutHK_C06_044, Vibrionaceae_Enterovibrio, 0, 1227.9, 1012, 251, 207, 220, 334, 0
LKAP-GutHK_C07_059, Vibrionaceae_Enterovibrio, 0, 1208.3, 1000, 250, 202, 218, 330, 0
LKAP-GutHK_C08_060, Vibrionaceae_Enterovibrio, 0, 1209.8, 1000, 252, 200, 220, 328, 0
LKAP-GutHK_C09_075, Vibrionaceae_Enterovibrio, 0, 1219.4, 987, 251, 198, 215, 323, 0
LKAP-GutHK_C10_076, Vibrionaceae_Vibrio, 0, 1193.4, 955, 237, 194, 203, 321, 0
LKAP-GutHK_C11_091, Vibrionaceae_Vibrio, 0, 1189.1, 951, 242, 190, 202, 317, 0
LKAP-GutHK_C12_092, Vibrionaceae_Enterovibrio, 0, 1137.5, 933, 231, 187, 201, 314, 0
LKAP-GutHK_D01_009, Vibrionaceae_Enterovibrio, 0, 1215.7, 989, 249, 203, 214, 323, 0
LKAP-GutHK_D02_010, Vibrionaceae_Enterovibrio, 0, 1222.5, 1003, 250, 202, 218, 333, 0
LKAP-GutHK_D03_025, Vibrionaceae_Enterovibrio, 0, 1210.1, 996, 251, 201, 217, 327, 0
LKAP-GutHK_D04_026, Vibrionaceae_Enterovibrio, 0, 1230.3, 1026, 258, 205, 227, 336, 0
LKAP-GutHK_D05_041, Vibrionaceae_Vibrio, 0, 1217.3, 1011, 253, 210, 218, 330, 0
LKAP-GutHK_D06_042, Vibrionaceae_Enterovibrio, 0, 1234.2, 1018, 251, 206, 222, 339, 0
LKAP-GutHK_D07_057, Shewanellaceae_Shewanella, 0, 1229.0, 1004, 257, 204, 219, 324, 0
LKAP-GutHK_D08_058, Vibrionaceae_Enterovibrio, 0, 1212.3, 988, 249, 196, 213, 330, 0
LKAP-GutHK_D09_073, Vibrionaceae_Aliivibrio, 0, 1200.6, 983, 259, 204, 209, 311, 0
LKAP-GutHK_D10_074, Vibrionaceae_Enterovibrio, 0, 1168.1, 984, 244, 197, 219, 324, 0
LKAP-GutHK_D11_089, Vibrionaceae_Vibrio, 0, 1034.1, 882, 219, 179, 185, 299, 0
LKAP-GutHK_D12_090, Vibrionaceae_Vibrio, 0, 1144.0, 929, 235, 186, 197, 311, 0
LKAP-GutHK_E01_007, Vibrionaceae_Enterovibrio, 0, 1193.2, 976, 245, 195, 214, 322, 0
LKAP-GutHK_E02_008, Vibrionaceae_Enterovibrio, 0, 1203.9, 981, 243, 197, 217, 324, 0
LKAP-GutHK_E03_023, Vibrionaceae_Enterovibrio, 0, 1213.8, 988, 247, 198, 216, 327, 0
LKAP-GutHK_E04_024, Vibrionaceae_Vibrio, 0, 1259.2, 1015, 257, 211, 216, 331, 0
LKAP-GutHK_E05_039, Vibrionaceae_Vibrio, 0, 1233.7, 1006, 262, 203, 217, 324, 0
LKAP-GutHK_E06_040, Vibrionaceae_Vibrio, 0, 1250.9, 1011, 256, 207, 214, 334, 0
LKAP-GutHK_E07_055, Vibrionaceae_Enterovibrio, 0, 1211.3, 1006, 250, 204, 220, 332, 0
LKAP-GutHK_E08_056, Vibrionaceae_Vibrio, 0, 1243.0, 1003, 253, 205, 216, 329, 0
LKAP-GutHK_E09_071, Vibrionaceae_Enterovibrio, 0, 1199.0, 973, 240, 197, 212, 324, 0
LKAP-GutHK_E10_072, Burkholderiaceae_Ralstonia, 4.3e-148, 493.1, 945, 200, 256, 213, 276, 0
LKAP-GutHK_E11_087, Vibrionaceae_Enterovibrio, 0, 1139.2, 936, 230, 189, 201, 316, 0
LKAP-GutHK_E12_088, Vibrionaceae_Vibrio, 0, 1163.5, 937, 234, 189, 199, 315, 0
LKAP-GutHK_F01_005, Vibrionaceae_Aliivibrio, 0, 1142.3, 979, 252, 209, 212, 306, 0
LKAP-GutHK_F02_006, Vibrionaceae_Enterovibrio, 0, 1219.5, 1009, 251, 208, 218, 332, 0
LKAP-GutHK_F03_021, Vibrionaceae_Vibrio, 0, 1252.3, 1006, 257, 206, 214, 329, 0
LKAP-GutHK_F04_022, Vibrionaceae_Vibrio, 0, 1231.8, 1010, 256, 210, 214, 330, 0
LKAP-GutHK_F05_037, Vibrionaceae_Enterovibrio, 0, 1216.8, 1018, 250, 206, 223, 339, 0
LKAP-GutHK_F06_038, Vibrionaceae_Vibrio, 0, 1191.0, 1009, 258, 209, 216, 326, 0
LKAP-GutHK_F07_053, Vibrionaceae_Enterovibrio, 0, 1210.8, 995, 251, 201, 218, 325, 0
LKAP-GutHK_F08_054, Vibrionaceae_Enterovibrio, 0, 1224.1, 1005, 251, 204, 217, 333, 0
LKAP-GutHK_F09_069, Vibrionaceae_Vibrio, 0, 1215.3, 993, 253, 204, 214, 322, 0
LKAP-GutHK_F10_070, Vibrionaceae_Vibrio, 0, 1219.5, 977, 248, 198, 208, 323, 0
LKAP-GutHK_F11_085, Vibrionaceae_Vibrio, 0, 1153.1, 924, 233, 185, 195, 311, 0
LKAP-GutHK_F12_086, Vibrionaceae_Vibrio, 0, 1145.9, 924, 231, 186, 197, 310, 0
LKAP-GutHK_G01_003, Vibrionaceae_Enterovibrio, 0, 1211.0, 986, 245, 196, 218, 327, 0
LKAP-GutHK_G02_004, Vibrionaceae_Enterovibrio, 0, 1204.5, 976, 242, 196, 215, 323, 0
LKAP-GutHK_G03_019, Vibrionaceae_Enterovibrio, 0, 1215.5, 992, 249, 197, 217, 329, 0
LKAP-GutHK_G04_020, Vibrionaceae_Enterovibrio, 0, 1209.2, 1006, 248, 202, 221, 335, 0
LKAP-GutHK_G05_035, Vibrionaceae_Aliivibrio, 0, 1221.3, 1010, 268, 208, 214, 320, 0
LKAP-GutHK_G06_036, Vibrionaceae_Vibrio, 0, 1209.5, 987, 253, 201, 215, 318, 0
LKAP-GutHK_G07_051, Vibrionaceae_Vibrio, 0, 1216.3, 990, 254, 201, 212, 323, 0
LKAP-GutHK_G08_052, Vibrionaceae_Enterovibrio, 0, 1202.9, 984, 246, 199, 214, 325, 0
LKAP-GutHK_G09_067, Vibrionaceae_Vibrio, 0, 1220.9, 977, 251, 200, 212, 314, 0
LKAP-GutHK_G10_068, Vibrionaceae_Enterovibrio, 0, 1188.0, 970, 244, 196, 211, 319, 0
LKAP-GutHK_G11_083, Vibrionaceae_Vibrio, 0, 1171.1, 940, 237, 190, 198, 315, 0
LKAP-GutHK_G12_084, Vibrionaceae_Enterovibrio, 0, 1132.0, 930, 228, 185, 199, 318, 0
LKAP-GutHK_H01_001, Vibrionaceae_Vibrio, 0, 1213.7, 971, 246, 199, 207, 319, 0
LKAP-GutHK_H02_002, Vibrionaceae_Enterovibrio, 0, 1204.2, 990, 247, 200, 215, 328, 0
LKAP-GutHK_H03_017, Vibrionaceae_Enterovibrio, 0, 1193.8, 981, 244, 199, 217, 321, 0
LKAP-GutHK_H04_018, Vibrionaceae_Enterovibrio, 0, 1205.9, 983, 246, 199, 215, 323, 0
LKAP-GutHK_H05_033, Vibrionaceae_Enterovibrio, 0, 1214.8, 993, 249, 197, 218, 329, 0
LKAP-GutHK_H06_034, Vibrionaceae_Vibrio, 0, 1187.6, 983, 256, 204, 207, 316, 0
LKAP-GutHK_H07_049, Vibrionaceae_Vibrio, 0, 1212.1, 985, 252, 201, 211, 321, 0
LKAP-GutHK_H08_050, Vibrionaceae_Vibrio, 0, 1219.0, 982, 250, 201, 210, 321, 0
LKAP-GutHK_H09_065, Vibrionaceae_Enterovibrio, 0, 1196.4, 977, 242, 197, 213, 325, 0
LKAP-GutHK_H10_066, Vibrionaceae_Enterovibrio, 0, 1183.7, 968, 239, 194, 212, 323, 0
LKAP-GutHK_H11_081, Vibrionaceae_Enterovibrio, 0, 1137.8, 948, 233, 186, 206, 323, 0
LKAP-GUTHK2_A08_064_2017_1, Bacillales_Exiguobacterium, 0, 1054.9, 879, 217, 167, 205, 290, 0
LKAP-GUTHK2_G09_067_2017_1, Burkholderiaceae_Ralstonia, 0, 1384.5, 1107, 289, 230, 234, 354, 0
LKAP-GUTHK2_D03_025_2017_1, Vibrionaceae_Vibrio, 0, 1377.3, 1208, 290, 261, 271, 386, 0
LKAP-GUTHK2_A07_063_2017_1, Planococcaceae_Planococcus, 0, 1085.4, 882, 214, 174, 204, 290, 0
LKAP-GUTHK2_H10_066_2017_1, Vibrionaceae_Vibrio, 7.7e-294, 976.0, 1057, 242, 239, 254, 322, 0
LKAP-GUTHK2_B06_046_2017_1, Bacillales_Exiguobacterium, 0, 1311.8, 1213, 285, 246, 285, 397, 0
LKAP-GUTHK2_H01_001_2017_1, Microbacteriaceae_Microbacterium, 0, 1366.6, 1184, 274, 241, 275, 394, 0
LKAP-GUTHK2_E04_024_2017_1, Vibrionaceae_Vibrio, 0, 1241.3, 1061, 265, 229, 227, 340, 0
LKAP-GUTHK2_G05_035_2017_1, Microbacteriaceae_Microbacterium, 0, 1420.6, 1283, 299, 254, 298, 432, 0
LKAP-GUTHK2_D11_089_2017_1, Vibrionaceae_Vibrio, 0, 1149.0, 951, 235, 198, 202, 316, 0
LKAP-GUTHK2_H11_081_2017_1, Micrococcaceae_Nesterenkonia, 0, 1441.8, 1241, 282, 247, 296, 416, 0
LKAP-GUTHK2_A01_015_2017_1, Bacillales_Exiguobacterium, 2.1e-283, 941.4, 956, 258, 184, 218, 296, 0
LKAP-GUTHK2_D09_073_2017_1, Vibrionaceae_Vibrio, 0, 1213.7, 1036, 260, 218, 224, 334, 0
LKAP-GUTHK2_E10_072_2017_1, Vibrionaceae_Vibrio, 0, 1433.1, 1261, 318, 262, 281, 400, 0
LKAP-GUTHK2_G10_068_2017_1, Microbacteriaceae_Leucobacter, 0, 1401.1, 1255, 292, 252, 296, 415, 0
LKAP-GUTHK2_G08_052_2017_1, Burkholderiaceae_Ralstonia, 0, 1362.4, 1153, 299, 242, 246, 366, 0
LKAP-GUTHK2_D07_057_2017_1, Vibrionaceae_Vibrio, 0, 1420.6, 1265, 317, 261, 281, 406, 0
LKAP-GUTHK2_H08_050_2017_1, Bacillaceae_Salipaludibacillus, 0, 1066.3, 1152, 287, 222, 278, 365, 0
LKAP-GUTHK2_D12_090_2017_1, Vibrionaceae_Vibrio, 1.9e-226, 752.0, 648, 163, 135, 137, 213, 0
LKAP-GUTHK2_F05_037_2017_1, Bacillales_Exiguobacterium, 0, 1073.9, 954, 232, 184, 217, 321, 0
LKAP-GUTHK2_F06_038_2017_1, Bacillales_Exiguobacterium, 0, 1292.6, 1205, 290, 244, 278, 393, 0
LKAP-GUTHK2_C01_011_2017_1, Bacillales_Exiguobacterium, 0, 1138.3, 959, 239, 182, 218, 320, 0
LKAP-GUTHK2_D02_010_2017_1, Vibrionaceae_Vibrio, 0, 1429.0, 1247, 318, 261, 276, 392, 0
LKAP-GUTHK2_H07_049_2017_1, Vibrionaceae_Vibrio, 0, 1311.5, 1155, 289, 237, 256, 373, 0
LKAP-GUTHK2_G06_036_Q_2017_1, Microbacteriaceae_Leucobacter, 0, 1424.8, 1275, 299, 256, 297, 423, 0
LKAP-GUTHK2_G03_019_2017_1, Microbacteriaceae_Leucobacter, 0, 1426.7, 1282, 297, 267, 298, 420, 0
LKAP-GUTHK2_E09_071_2017_1, Vibrionaceae_Vibrio, 0, 1425.8, 1261, 313, 264, 278, 406, 0
LKAP-GUTHK2_F10_070_2017_1, Vibrionaceae_Vibrio, 0, 1390.2, 1216, 305, 253, 271, 387, 0
LKAP-GUTHK2_C04_028_2017_1, Bacillales_Exiguobacterium, 0, 1196.8, 1145, 283, 232, 273, 357, 0
LKAP-GUTHK2_D04_026_2017_1, Vibrionaceae_Vibrio, 0, 1400.3, 1255, 312, 273, 279, 391, 0
LKAP-GUTHK2_D06_042_2017_1, Vibrionaceae_Vibrio, 0, 1163.5, 1025, 264, 216, 218, 327, 0
LKAP-GUTHK2_C10_076_2017_1, Vibrionaceae_Vibrio, 0, 1406.8, 1214, 300, 255, 268, 391, 0
LKAP-GUTHK2_A02_016_2017_1, Burkholderiaceae_Ralstonia, 2.1e-258, 858.6, 882, 213, 199, 201, 269, 0
LKAP-GUTHK2_D01_009_2017_1, Vibrionaceae_Vibrio, 0, 1287.3, 1176, 305, 256, 249, 366, 0
LKAP-GUTHK2_A03_031_2017_1, Bacillales_Exiguobacterium, 0, 1224.9, 1075, 263, 212, 248, 352, 0
LKAP-GUTHK2_B07_061_2017_1, Bacillales_Exiguobacterium, 0, 1282.3, 1202, 296, 246, 266, 394, 0
LKAP-GUTHK2_E01_007_2017_1, Vibrionaceae_Vibrio, 0, 1133.2, 1033, 261, 221, 218, 333, 0
LKAP-GUTHK2_F12_086_2017_1, Planococcaceae_Planococcus, 2.6e-295, 980.6, 793, 196, 154, 182, 261, 0
LKAP-GUTHK2_D08_058_2017_1, Vibrionaceae_Vibrio, 0, 1135.8, 1100, 276, 240, 253, 331, 0
LKAP-GUTHK2_H03_017_2017_1, Vibrionaceae_Vibrio, 0, 1467.3, 1268, 314, 261, 280, 413, 0
LKAP-GUTHK2_C11_091_2017_1, Bacillales_Exiguobacterium, 2.8e-292, 970.7, 836, 204, 159, 191, 282, 0
LKAP-GUTHK2_E08_056_2017_1, Vibrionaceae_Vibrio, 0, 1414.6, 1196, 295, 248, 259, 394, 0
LKAP-GUTHK2_C02_012_2017_1, Planococcaceae_Planococcus, 0, 1110.3, 1056, 254, 226, 251, 325, 0
LKAP-GUTHK2_E12_088_2017_1, Vibrionaceae_Vibrio, 1.1e-276, 918.9, 840, 210, 172, 176, 282, 0
LKAP-GUTHK2_F08_054_2017_1, Vibrionaceae_Vibrio, 0, 1431.8, 1244, 315, 261, 280, 388, 0
LKAP-GUTHK2_B03_029_2017_1, Bacillales_Exiguobacterium, 0, 1244.5, 1040, 255, 192, 243, 350, 0
LKAP-GUTHK2_B11_093_2017_1, Burkholderiaceae_Ralstonia, 1.1e-158, 527.4, 559, 138, 116, 130, 175, 0
LKAP-GUTHK2_E07_055_2017_1, Vibrionaceae_Vibrio, 0, 1412.6, 1246, 318, 265, 276, 387, 0
LKAP-GUTHK2_G12_084_2017_1, Microbacteriaceae_Microbacterium, 0, 1174.8, 1021, 247, 201, 240, 333, 0
LKAP-GUTHK2_H04_018_2017_1, Shewanellaceae_Shewanella, 0, 1453.4, 1267, 317, 271, 283, 396, 0
LKAP-GUTHK2_B02_014_2017_1, Bacillales_Exiguobacterium, 9.5e-221, 733.3, 713, 186, 129, 166, 232, 0
LKAP-GUTHK2_G01_003_2017_1, Vibrionaceae_Vibrio, 0, 1081.3, 1014, 256, 220, 215, 323, 0
LKAP-GUTHK2_F04_022_2017_1, Planococcaceae_Planococcus, 0, 1361.1, 1139, 266, 233, 267, 373, 0
LKAP-GUTHK2_C09_075_2017_1, Vibrionaceae_Vibrio, 0, 1316.2, 1103, 276, 235, 242, 350, 0
LKAP-GUTHK2_H05_033_2017_1, Vibrionaceae_Vibrio, 0, 1429.5, 1253, 314, 267, 279, 393, 0
LKAP-GUTHK2_E03_023_2017_1, Vibrionaceae_Vibrio, 0, 1303.7, 1078, 263, 235, 229, 351, 0
LKAP-GUTHK2_F09_069_2017_1, Vibrionaceae_Vibrio, 0, 1359.6, 1228, 303, 254, 270, 401, 0
LKAP-GUTHK2_G02_004_2017_1, Vibrionaceae_Vibrio, 0, 1387.6, 1200, 304, 265, 259, 372, 0
LKAP-GUTHK2_C12_092_2017_1, Vibrionaceae_Vibrio, 4.7e-227, 754.0, 649, 165, 136, 135, 213, 0
LKAP-GUTHK2_A04_032_2017_1, Burkholderiaceae_Ralstonia, 0, 1142.2, 926, 242, 189, 194, 301, 0
LKAP-GUTHK2_F02_006_2017_1, Vibrionaceae_Vibrio, 0, 1378.9, 1235, 315, 259, 271, 390, 0
LKAP-GUTHK2_A05_047_2017_1, Burkholderiaceae_Ralstonia, 1.8e-280, 931.8, 921, 228, 202, 205, 286, 0
LKAP-GUTHK2_A06_048_2017_1, Vibrionaceae_Vibrio, 3.3e-284, 943.7, 801, 206, 164, 171, 260, 0
LKAP-GUTHK2_E06_040_2017_1, Vibrionaceae_Vibrio, 0, 1366.1, 1183, 287, 255, 258, 383, 0
LKAP-GUTHK2_G07_051_2017_1, Bacillaceae_Anaerobacillus, 0, 1229.6, 1186, 292, 244, 274, 376, 0
LKAP-GUTHK2_F03_021_2017_1, Bacillales_Exiguobacterium, 0, 1209.4, 1045, 265, 192, 242, 346, 0
LKAP-GUTHK2_E11_087_2017_1, Vibrionaceae_Vibrio, 0, 1093.4, 951, 244, 199, 198, 310, 0
LKAP-GUTHK2_C07_059_2017_1, Micrococcaceae_Nesterenkonia, 0, 1422.3, 1182, 271, 238, 276, 397, 0
LKAP-GUTHK2_B04_030_2017_1, Bacillales_Exiguobacterium, 0, 1159.4, 966, 244, 177, 216, 329, 0
LKAP-GUTHK2_F07_053_2017_1, Vibrionaceae_Vibrio, 0, 1414.1, 1254, 310, 259, 277, 408, 0
LKAP-GUTHK2_C08_060_2017_1, Vibrionaceae_Vibrio, 0, 1396.2, 1199, 300, 252, 271, 376, 0
LKAP-GUTHK2_F01_005_2017_1, Vibrionaceae_Vibrio, 0, 1387.9, 1236, 309, 263, 268, 396, 0
LKAP-GUTHK2_G11_083_2017_1, Microbacteriaceae_Microbacterium, 0, 1231.9, 1019, 241, 194, 243, 341, 0
LKAP-GUTHK2_C03_027_2017_1, Vibrionaceae_Vibrio, 0, 1370.1, 1143, 284, 240, 250, 369, 0
LKAP-GUTHK2_A10_080_2017_1, Bacillales_Exiguobacterium, 4.2e-183, 608.5, 708, 200, 124, 184, 200, 0
LKAP-GUTHK2_H02_002_2017_1, Microbacteriaceae_Microbacterium, 0, 1416.2, 1231, 292, 247, 287, 405, 0
LKAP-GUTHK2_F11_085_2017_1, Vibrionaceae_Vibrio, 0, 1304.8, 1154, 289, 241, 246, 378, 0
LKAP-GUTHK2_D10_074_2017_1, Vibrionaceae_Vibrio, 0, 1368.4, 1227, 308, 260, 274, 385, 0
LKAP-GUTHK2_E02_008_Q_2017_1, Vibrionaceae_Vibrio, 0, 1397.4, 1245, 308, 263, 278, 396, 0
LKAP-GUTHK2_B05_045_2017_1, Bacillales_Exiguobacterium, 8.3e-305, 1012.3, 882, 222, 168, 204, 288, 0
LKAP-GUTHK2_H06_034_2017_1, Vibrionaceae_Vibrio, 0, 1381.3, 1233, 318, 257, 270, 388, 0
LKAP-TSA1KG_G11_083_2018_1, Carnobacteriaceae_Carnobacterium, 3e-44, 146.5, 201, 57, 41, 48, 55, 0
LKAP-TSA1KG_D11_089_2018_1, Planococcaceae_Planococcus, 2.6e-142, 472.5, 404, 88, 79, 99, 138, 0
LKAP-TSA1KG_F02_006_2018_1, Planococcaceae_Sporosarcina, 3e-140, 465.6, 399, 95, 77, 93, 134, 0
LKAP-TSA1KG_G02_004_2018_1, Planococcaceae_Sporosarcina, 3.5e-161, 536.6, 1191, 272, 196, 250, 361, 112
LKAP-TSA1KG_D06_042_2018_1, Planococcaceae_Planococcus, 9.2e-168, 557.1, 469, 109, 92, 110, 150, 8
LKAP-TSA1KG_C09_075_2018_1, Moraxellaceae_Psychrobacter, 6.7e-120, 398.0, 351, 88, 71, 77, 115, 0
LKAP-TSA1KG_H04_018_2018_1, Moraxellaceae_Psychrobacter, 1.4e-44, 147.8, 244, 50, 54, 64, 76, 0
LKAP-TSA1KG_B07_061_2018_1, Vibrionaceae_Vibrio, 8.1e-178, 590.4, 518, 123, 101, 110, 170, 14
LKAP-TSA1KG_F05_037_2018_1, Planococcaceae_Planococcus, 1.2e-129, 430.5, 396, 88, 77, 95, 136, 0
LKAP-TSA1KG_E09_071_2018_1, Vibrionaceae_Vibrio, 2.1e-124, 413.0, 375, 90, 71, 85, 129, 0
LKAP-TSA1KG_G07_051_2018_1, Moraxellaceae_Psychrobacter, 0, 1365.4, 1061, 279, 228, 218, 330, 6
LKAP-TSA1KG_E10_072_2018_1, Planococcaceae_Planococcus, 1.1e-145, 483.7, 410, 90, 82, 98, 140, 0
LKAP-TSA1KG_B08_062_2018_1, Moraxellaceae_Psychrobacter, 1.8e-11, 37.8, 195, 55, 44, 38, 58, 0
LKAP-TSA1KG_D07_057_2018_1, Planococcaceae_Planococcus, 2.5e-123, 409.4, 356, 78, 69, 88, 121, 0
LKAP-TSA1KG_D08_058_2018_1, Planococcaceae_Planococcus, 5.8e-173, 574.4, 476, 111, 95, 113, 150, 7
LKAP-TSA1KG_F09_069_2018_1, Alcaligenaceae_Alcaligenes, 1.7e-117, 390.0, 346, 90, 63, 77, 116, 0
LKAP-TSA1KG_B09_077_2018_1, Staphylococcaceae_Staphylococcus, 2.4e-137, 456.0, 393, 106, 82, 84, 121, 0
LKAP-TSA1KG_E05_039_2018_1, Staphylococcaceae_Jeotgalicoccus, 5.3e-134, 445.0, 399, 100, 77, 93, 129, 0
LKAP-TSA1KG_C08_060_2018_1, Planococcaceae_Planococcus, 1.5e-174, 579.6, 478, 114, 96, 114, 154, 0
LKAP-TSA1KG_F01_005_2018_1, Moraxellaceae_Psychrobacter, 1.1e-115, 384.0, 343, 83, 67, 75, 118, 0
LKAP-TSA1KG_E04_024_2018_1, Dermacoccaceae_Kytococcus, 1.4e-79, 264.0, 255, 54, 57, 59, 85, 0
LKAP-TSA1KG_F07_053_2018_1, Vibrionaceae_Vibrio, 1.3e-125, 417.0, 389, 95, 73, 91, 130, 0
LKAP-TSA1KG_D12_090_2018_1, Bacillales_Exiguobacterium, 1.1e-70, 234.4, 259, 58, 49, 62, 90, 0
LKAP-TSA1KG_D04_026_2018_1, Staphylococcaceae_Staphylococcus, 2e-198, 658.9, 560, 149, 114, 120, 169, 8
LKAP-TSA1KG_G05_035_2018_1, Moraxellaceae_Psychrobacter, 0, 1482.3, 1327, 342, 264, 295, 383, 43
LKAP-TSA1KG_H03_017_2018_1, Aeromonadaceae_Aeromonas, 0, 1417.3, 1110, 265, 220, 249, 367, 9
LKAP-TSA1KG_H07_049_2018_1, Moraxellaceae_Psychrobacter, 0, 1415.3, 1106, 287, 237, 230, 344, 8
LKAP-TSA1KG_G04_020_2018_1, Moraxellaceae_Psychrobacter, 0, 1357.7, 1058, 277, 228, 216, 330, 7
LKAP-TSA1KG_G09_067_2018_1, Alcaligenaceae_Alcaligenes, 0, 1312.5, 1013, 270, 202, 217, 317, 7
LKAP-TSA1KG_H11_081_2018_1, Planococcaceae_Sporosarcina, 0, 1330.6, 1127, 272, 223, 266, 356, 10
LKAP-TSA1KG_G06_036_2018_1, Planococcaceae_Planococcus, 0, 1617.6, 1408, 330, 268, 343, 430, 37
LKAP-TSA1KG_D02_010_2018_1, Aeromonadaceae_Aeromonas, 3e-141, 468.7, 398, 94, 70, 92, 142, 0
LKAP-TSA1KG_F03_021_2018_1, Moraxellaceae_Psychrobacter, 3e-132, 439.1, 397, 101, 88, 85, 123, 0
LKAP-TSA1KG_C06_044_2018_1, Oceanospirillaceae_Marinomonas, 0.015, 8.2, 233, 55, 60, 57, 61, 0
LKAP-TSA1KG_C11_091_2018_1, Planococcaceae_Sporosarcina, 1e-164, 546.9, 462, 117, 87, 109, 149, 0
LKAP-TSA1KG_B12_094_2018_1, Moraxellaceae_Psychrobacter, 1.5e-105, 350.3, 315, 80, 65, 68, 102, 0
LKAP-TSA1KG_G03_019_2018_1, Moraxellaceae_Psychrobacter, 1.1e-135, 451.5, 803, 212, 199, 181, 211, 0
LKAP-TSA1KG_H10_066_2018_1, Planococcaceae_Sporosarcina, 0, 1295.9, 1016, 254, 195, 231, 329, 7
LKAP-TSA1KG_C05_043_2018_1, Moraxellaceae_Psychrobacter, 1.1e-104, 347.4, 310, 78, 65, 67, 100, 0
LKAP-TSA1KG_C12_092_2018_1, Sphingobacteriaceae_Pedobacter, 6.9e-98, 325.3, 396, 101, 83, 92, 120, 0
LKAP-TSA1KG_H05_033_2018_1, Vibrionaceae_Vibrio, 0, 1368.7, 1117, 272, 225, 245, 364, 11
LKAP-TSA1KG_F08_054_2018_1, Moraxellaceae_Psychrobacter, 1.1e-104, 347.4, 317, 80, 62, 69, 106, 0
LKAP-TSA1KG_D09_073_2018_1, Moraxellaceae_Psychrobacter, 6.8e-124, 411.3, 365, 86, 76, 83, 120, 0
LKAP-TSA1KG_C07_059_2018_1, Planococcaceae_Planococcus, 4.9e-190, 631.1, 520, 121, 98, 127, 163, 11
LKAP-TSA1KG_D01_009_2018_1, Moraxellaceae_Psychrobacter, 8.4e-94, 311.4, 320, 76, 66, 69, 109, 0
LKAP-TSA1KG_E03_023_2018_1, Moraxellaceae_Psychrobacter, 3.2e-113, 375.9, 358, 86, 72, 83, 117, 0
LKAP-TSA1KG_E12_088_2018_1, Staphylococcaceae_Staphylococcus, 1.9e-117, 389.8, 358, 97, 79, 77, 105, 0
LKAP-TSA1KG_B02_014_2018_1, Moraxellaceae_Psychrobacter, 1.8e-127, 423.2, 367, 89, 72, 83, 123, 0
LKAP-TSA1KG_B06_046_2018_1, Planococcaceae_Planococcus, 8.6e-155, 514.1, 459, 101, 95, 118, 145, 0
LKAP-TSA1KG_B01_013_2018_1, Planococcaceae_Planococcus, 1.9e-148, 492.9, 415, 92, 82, 98, 143, 0
LKAP-TSA1KG_G08_052_2018_1, Moraxellaceae_Psychrobacter, 1.2e-182, 607.1, 762, 191, 161, 155, 255, 0
LKAP-TSA1KG_D05_041_2018_1, Moraxellaceae_Psychrobacter, 2.9e-118, 392.6, 359, 86, 66, 86, 121, 0
LKAP-TSA1KG_C01_011_2018_1, Moraxellaceae_Psychrobacter, 2.9e-121, 402.6, 355, 89, 68, 79, 119, 0
LKAP-TSA1KG_B05_045_2018_1, Moraxellaceae_Psychrobacter, 2.4e-116, 386.3, 357, 88, 74, 79, 116, 0
LKAP-TSA1KG_B11_093_2018_1, Planococcaceae_Planococcus, 3.2e-163, 542.0, 446, 106, 88, 104, 148, 0
LKAP-TSA1KG_H06_034_2018_1, Bacillales_Exiguobacterium, 8.6e-206, 683.6, 633, 165, 113, 150, 205, 0
LKAP-TSA1KG_E01_007_2018_1, Moraxellaceae_Psychrobacter, 4e-91, 302.4, 287, 75, 59, 59, 94, 0
LKAP-TSA1KG_F04_022_2018_1, Shewanellaceae_Shewanella, 3.4e-142, 472.1, 412, 102, 78, 89, 143, 0
LKAP-TSA1KG_H01_001_2018_1, Shewanellaceae_Shewanella, 0, 1305.7, 1047, 267, 214, 223, 332, 11
LKAP-TSA1KG_H09_065_2018_1, Planococcaceae_Sporosarcina, 0, 1271.8, 1026, 256, 198, 232, 331, 9
LKAP-TSA1KG_C10_076_2018_1, Moraxellaceae_Psychrobacter, 1.5e-150, 500.0, 436, 114, 89, 94, 139, 0
LKAP-TSA1KG_B10_078_2018_1, Bacillales_Exiguobacterium, 2.8e-161, 535.6, 477, 114, 85, 113, 165, 0
LKAP-TSA1KG_E07_055_2018_1, Moraxellaceae_Psychrobacter, 2.5e-66, 219.8, 217, 55, 50, 43, 69, 0
LKAP-TSA1KG_D03_025_2018_1, Aeromonadaceae_Aeromonas, 3.6e-169, 561.8, 590, 144, 121, 135, 190, 0
LKAP-TSA1KG_A12_096_2018_1, Planococcaceae_Planococcus, 2.8e-233, 774.6, 622, 146, 121, 146, 200, 9
LKAP-TSA1KG_G01_003_2018_1, Bacillales_Exiguobacterium, 0, 1160.0, 928, 228, 164, 213, 314, 9
LKAP-TSA1KG_E06_040_2018_1, Paenibacillaceae_Fontibacillus, 2.8e-123, 409.4, 398, 99, 80, 89, 130, 0
LKAP-TSA1KG_H08_050_2018_1, Planococcaceae_Sporosarcina, 0, 1254.5, 1010, 254, 195, 233, 321, 7
LKAP-TSA1KG_H02_002_2018_1, Planococcaceae_Sporosarcina, 0, 1376.4, 1152, 286, 238, 263, 354, 11
LKAP-TSA1KG_E02_008_2018_1, Planococcaceae_Sporosarcina, 2e-159, 529.4, 479, 124, 98, 109, 148, 0
LKAP-TSA1KG_B03_029_2018_1, Planococcaceae_Planococcus, 4.3e-147, 488.4, 414, 92, 81, 96, 145, 0
LKAP-TSA1KG_C04_028_2018_1, Shewanellaceae_Shewanella, 2.9e-170, 565.4, 501, 124, 98, 107, 163, 9
LKAP-TSA1KG_E11_087_2018_1, Planococcaceae_Sporosarcina, 2.5e-134, 445.9, 395, 94, 77, 94, 130, 0
LKAP-TSA1KG_F11_085_2018_1, Bacillaceae_Psychrobacillus, 2.8e-59, 196.4, 241, 56, 53, 54, 78, 0
LKAP-TSA1KG_F10_070_2018_1, Micrococcaceae_Paeniglutamicibacter, 2.7e-75, 249.8, 271, 58, 64, 69, 80, 0
LKAP-TSA1KG_G10_068_2018_1, Bacillales_Exiguobacterium, 4.2e-68, 227.4, 712, 155, 159, 168, 230, 0
LKAP-TSAKG2_D08_058_2018_2, Planococcaceae_Planococcus, 0, 1239.2, 966, 235, 188, 221, 310, 12
LKAP-TSAKG2_G09_067_2018_2, Bacillales_Exiguobacterium, 6.8e-302, 1002.5, 810, 205, 152, 170, 270, 13
LKAP-TSAKG2_E12_088_2018_2, Moraxellaceae_Psychrobacter, 1.3e-28, 94.6, 199, 40, 65, 37, 57, 0
LKAP-TSAKG2_C07_059_2018_2, Moraxellaceae_Psychrobacter, 0, 1054.5, 847, 224, 178, 174, 256, 15
LKAP-TSAKG2_D01_009_2018_2, Planococcaceae_Sporosarcina, 8.8e-54, 178.7, 333, 93, 70, 82, 88, 0
LKAP-TSAKG2_B07_061_2018_2, Moraxellaceae_Psychrobacter, 1.1e-229, 762.8, 629, 164, 132, 125, 193, 15
LKAP-TSAKG2_B06_046_2018_2, Moraxellaceae_Psychrobacter, 0, 1208.7, 966, 259, 202, 196, 294, 15
LKAP-TSAKG2_C12_092_2018_2, Planococcaceae_Sporosarcina, 4.6e-282, 936.6, 784, 201, 146, 176, 253, 8
LKAP-TSAKG2_A07_063_2018_2, Bacillales_Exiguobacterium, 0, 1241.2, 1000, 251, 181, 232, 324, 12
LKAP-TSAKG2_H07_049_2018_2, Alcaligenaceae_Alcaligenes, 0, 1175.2, 921, 240, 183, 195, 291, 12
LKAP-TSAKG2_B10_078_2018_2, Planococcaceae_Planomicrobium, 3.1e-11, 37.6, 276, 64, 85, 64, 63, 0
LKAP-TSAKG2_D04_026_2018_2, Planococcaceae_Planococcus, 0, 1121.6, 879, 211, 170, 198, 287, 13
LKAP-TSAKG2_F04_022_2018_2, Planococcaceae_Planococcus, 0, 1136.3, 891, 219, 168, 205, 288, 11
LKAP-TSAKG2_H05_033_2018_2, Moraxellaceae_Psychrobacter, 2.8e-286, 950.6, 768, 206, 160, 154, 239, 9
LKAP-TSAKG2_A02_016_2018_2, Shewanellaceae_Shewanella, 0, 1174.0, 953, 244, 189, 199, 305, 16
LKAP-TSAKG2_F01_005_2018_2, Bacillales_Exiguobacterium, 6.1e-37, 122.5, 230, 41, 68, 52, 69, 0
LKAP-TSAKG2_D11_089_2018_2, Moraxellaceae_Psychrobacter, 1.2e-30, 101.7, 241, 39, 65, 56, 81, 0
LKAP-TSAKG2_C06_044_2018_2, Moraxellaceae_Psychrobacter, 3.2e-247, 821.0, 686, 182, 144, 131, 214, 15
LKAP-TSAKG2_B12_094_2018_2, Planococcaceae_Sporosarcina, 5.5e-28, 92.6, 215, 46, 62, 54, 53, 0
LKAP-TSAKG2_B05_045_2018_2, Moraxellaceae_Psychrobacter, 0, 1252.7, 990, 267, 207, 202, 301, 13
LKAP-TSAKG2_A09_079_2018_2, Bacillales_Solibacillus, 0, 1225.2, 997, 260, 203, 215, 306, 13
LKAP-TSAKG2_H04_018_2018_2, Moraxellaceae_Psychrobacter, 0, 1031.8, 848, 222, 177, 175, 261, 13
LKAP-TSAKG2_A03_031_2018_2, Moraxellaceae_Psychrobacter, 2e-61, 204.1, 338, 67, 81, 97, 93, 0
LKAP-TSAKG2_C04_028_2018_2, Planococcaceae_Planococcus, 0, 1042.7, 828, 197, 162, 185, 272, 12
LKAP-TSAKG2_H03_017_2018_2, Moraxellaceae_Psychrobacter, 1.4e-231, 769.0, 624, 163, 127, 127, 195, 12
LKAP-TSAKG2_A11_095_2018_2, Moraxellaceae_Psychrobacter, 0, 1158.4, 912, 246, 187, 185, 286, 8
LKAP-TSAKG2_F09_069_2018_2, Moraxellaceae_Psychrobacter, 4.2e-105, 348.9, 322, 79, 66, 69, 108, 0
LKAP-TSAKG2_E03_023_2018_2, Enterococcaceae_Vagococcus, 6.3e-41, 136.4, 365, 91, 87, 80, 107, 0
LKAP-TSAKG2_A04_032_2018_2, Moraxellaceae_Psychrobacter, 0, 1289.7, 1004, 269, 208, 208, 311, 8
LKAP-TSAKG2_H08_050_2018_2, Planococcaceae_Sporosarcina, 9.8e-304, 1008.5, 823, 206, 157, 176, 267, 17
LKAP-TSAKG2_E05_039_2018_2, Aeromonadaceae_Aeromonas, 1.5e-196, 652.4, 536, 124, 97, 118, 180, 17
LKAP-TSAKG2_C11_091_2018_2, Moraxellaceae_Psychrobacter, 2.2e-285, 947.7, 792, 210, 163, 159, 244, 16
LKAP-TSAKG2_G01_003_2018_2, Bacillales_Exiguobacterium, 3e-246, 817.8, 697, 166, 124, 154, 238, 15
LKAP-TSAKG2_F07_053_2018_2, Paenibacillaceae_Aneurinibacillus, 0.35, 3.8, 215, 58, 78, 34, 45, 0
LKAP-TSAKG2_G08_052_2018_2, Moraxellaceae_Psychrobacter, 2.2e-307, 1020.7, 838, 221, 175, 163, 254, 25
LKAP-TSAKG2_C10_076_2018_2, Nocardiaceae_Rhodococcus, 0, 1196.3, 962, 221, 177, 223, 327, 14
LKAP-TSAKG2_C08_060_2018_2, Alcaligenaceae_Alcaligenes, 0, 1280.3, 1030, 267, 205, 222, 320, 16
LKAP-TSAKG2_E07_055_2018_2, Shewanellaceae_Shewanella, 0, 1211.3, 1000, 259, 201, 211, 312, 17
LKAP-TSAKG2_A06_048_2018_2, Moraxellaceae_Psychrobacter, 0, 1275.7, 996, 264, 204, 207, 310, 11
LKAP-TSAKG2_D02_010_2018_2, Planococcaceae_Planomicrobium, 4.2e-07, 22.5, 98, 13, 32, 19, 34, 0
LKAP-TSAKG2_B11_093_2018_2, Moraxellaceae_Psychrobacter, 0, 1175.2, 947, 251, 197, 193, 292, 14
LKAP-TSAKG2_E08_056_2018_2, Planococcaceae_Sporosarcina, 1.1e-146, 487.1, 436, 111, 86, 93, 137, 9
LKAP-TSAKG2_D10_074_2018_2, Pseudomonadaceae_Pseudomonas, 3.9e-256, 850.8, 830, 212, 180, 185, 253, 0
LKAP-TSAKG2_H09_065_2018_2, Planococcaceae_Sporosarcina, 0, 1083.1, 872, 217, 173, 191, 277, 14
LKAP-TSAKG2_B04_030_2018_2, Moraxellaceae_Psychrobacter, 0, 1153.4, 926, 243, 190, 190, 286, 17
LKAP-TSAKG2_B08_062_2018_2, Staphylococcaceae_Staphylococcus, 0, 1251.5, 1008, 279, 211, 210, 294, 14
LKAP-TSAKG2_E02_008_2018_2, Bacillaceae_Alkalicoccus, 1.1e-21, 71.8, 220, 47, 52, 53, 68, 0
LKAP-TSAKG2_B01_013_2018_2, Bacillaceae_Psychrobacillus, 0, 1243.0, 959, 250, 188, 213, 302, 6
LKAP-TSAKG2_D05_041_2018_2, Moraxellaceae_Psychrobacter, 0.00087, 12.7, 257, 55, 95, 49, 58, 0
LKAP-TSAKG2_C01_011_2018_2, Bacillales_Exiguobacterium, 0, 1061.7, 866, 216, 168, 188, 285, 9
LKAP-TSAKG2_D03_025_2018_2, Bacillaceae_Psychrobacillus, 4.9e-272, 903.2, 722, 184, 144, 152, 229, 13
LKAP-TSAKG2_E04_024_2018_2, Carnobacteriaceae_Desemzia, 0.0046, 11.1, 275, 59, 95, 59, 62, 0
LKAP-TSAKG2_G03_019_2018_2, Enterococcaceae_Vagococcus, 2.8e-235, 781.5, 674, 178, 138, 144, 200, 14
LKAP-TSAKG2_C09_075_2018_2, Pseudomonadaceae_Pseudomonas, 0, 1156.8, 935, 241, 188, 193, 298, 15
LKAP-TSAKG2_F05_037_2018_2, Moraxellaceae_Psychrobacter, 1.5e-104, 347.8, 551, 129, 147, 125, 150, 0
LKAP-TSAKG2_D12_090_2018_2, Planococcaceae_Sporosarcina, 4.9e-53, 176.0, 278, 70, 81, 61, 66, 0
LKAP-TSAKG2_F03_021_2018_2, Moraxellaceae_Psychrobacter, 3.1e-09, 30.3, 179, 47, 46, 32, 54, 0
LKAP-TSAKG2_C03_027_2018_2, Bacillaceae_Psychrobacillus, 1.1e-219, 729.5, 621, 166, 132, 141, 182, 0
LKAP-TSAKG2_C05_043_2018_2, Aeromonadaceae_Aeromonas, 0, 1150.5, 913, 222, 168, 199, 312, 12
LKAP-TSAKG2_F10_070_2018_2, Moraxellaceae_Psychrobacter, 4e-200, 664.6, 565, 145, 118, 117, 177, 8
LKAP-TSAKG2_A01_015_2018_2, Planococcaceae_Sporosarcina, 0, 1207.5, 954, 237, 180, 216, 308, 13
LKAP-TSAKG2_A08_064_2018_2, Alcaligenaceae_Alcaligenes, 0, 1271.6, 990, 263, 200, 212, 307, 8
LKAP-TSAKG2_G05_035_2018_2, Moraxellaceae_Psychrobacter, 3.2e-174, 578.9, 646, 153, 145, 149, 199, 0
LKAP-TSAKG2_C02_012_2018_2, Bacillales_Solibacillus, 7.4e-221, 733.5, 676, 174, 158, 145, 199, 0
LKAP-TSAKG2_H06_034_2018_2, Planococcaceae_Planococcus, 0, 1055.1, 844, 200, 166, 192, 276, 10
LKAP-TSAKG2_G07_051_2018_2, Vibrionaceae_Vibrio, 4.8e-146, 484.9, 435, 102, 88, 96, 149, 0
LKAP-TSAKG2_B02_014_2018_2, Bacillaceae_Psychrobacillus, 1.9e-28, 94.4, 276, 68, 73, 68, 67, 0
LKAP-TSAKG2_D06_042_2018_2, Moraxellaceae_Psychrobacter, 0, 1080.9, 871, 230, 182, 177, 267, 15
LKAP-TSAKG2_D09_073_2018_2, Moraxellaceae_Psychrobacter, 0, 1167.1, 949, 254, 194, 198, 290, 13
LKAP-TSAKG2_E10_072_2018_2, Moraxellaceae_Psychrobacter, 3.9e-88, 292.6, 325, 80, 68, 72, 105, 0
LKAP-TSAKG2_D07_057_2018_2, Alcaligenaceae_Alcaligenes, 0, 1154.4, 918, 239, 179, 201, 283, 16
LKAP-TSAKG2_A05_047_2018_2, Moraxellaceae_Psychrobacter, 0, 1233.0, 987, 260, 208, 201, 301, 17
LKAP-TSAKG2_E09_071_2018_2, Planococcaceae_Sporosarcina, 0, 1040.8, 835, 204, 160, 188, 271, 12
LKAP-TSAKG2_E06_040_2018_2, Moraxellaceae_Psychrobacter, 0, 1137.8, 918, 243, 192, 188, 283, 12
LKAP-TSAKG2_B09_077_2018_2, Planococcaceae_Jeotgalibacillus, 0, 1130.7, 970, 254, 195, 213, 301, 7
LKAP-TSAKG2_G04_020_2018_2, Moraxellaceae_Psychrobacter, 2.4e-232, 771.6, 629, 165, 131, 126, 198, 9
LKAP-TSAKG2_E01_007_2018_2, Planococcaceae_Sporosarcina, 9.6e-33, 109.3, 408, 90, 108, 101, 109, 0
LKAP-TSAKG2_G06_036_2018_2, Moraxellaceae_Psychrobacter, 1.8e-288, 957.9, 779, 207, 161, 155, 245, 11
LKAP-TSAKG2_H10_066_2018_2, Moraxellaceae_Psychrobacter, 1.5e-233, 775.6, 640, 168, 137, 126, 198, 11
LKAP-TSAKG2_F08_054_2018_2, Bacillaceae_Psychrobacillus, 0, 1167.4, 905, 232, 182, 195, 284, 12
LKAP-TSAKG2_B03_029_2018_2, Moraxellaceae_Psychrobacter, 0.013, 8.8, 259, 50, 89, 59, 61, 0
LKAP-TSAKG2_A10_080_2018_2, Bacillales_Exiguobacterium, 0, 1179.3, 942, 230, 168, 214, 322, 8
